1/19/2566,ชื่นใจ สวยสกุล,churn.jai.s@gmail.com,090-55508888
4/20/2566,สมชาย เด็ดเดี่ยว,lnwza777@hotmail.com,0815678900
21/22/2566,สมุย เด็ดเดี่ยว,samurai@gmail.com,1112
2/30/2563,จอห์น มองอะไร,bkk888@gmail.com,099-668-5555
1/19/2566,ssssss sssss,churn.jai.s@gmail.com,090-55508888
4/5/2566,ggggg ggggg,lnwza777@hotmail.com,0815678900
21/12/2566,hhhhh hhhh,samurai@gmail.com,1112
2/10/2563,vvvv vvvv,bkk888@gmail.com,099-668-5555
1/19/2566,hhhhh hhhhh,churn.jai.sasdfasdf,1111111
4/20/2566,lllll lllll,lnwza777@hotmail.com,0815678900
21/22/2566,zzzzzzzz zzzzzzzz,samurai@gmail.com,1112
2/30/2563,a1a1a1a1 a1a111a1a1,bkk888@gmail.com,009130450
2/30/2563,asdf1111 222222,b8@gmail.com,009130450
1/12/2573,33333 444444,b8asdfasdf@gmail.com,0892308822
1/12/2573,aasdfasdf asdfasdfad,b8asdfasdf@gmail.com,0asdasdfasdf822